"Fecha","Planta","Empresa","Inspector","Tipo","N° equipo","Ubicado según plano","Observaciones","Estado","Con novedad","Corrección - respuesta","Corrección - fecha","Corrección - responsable"
"2026-07-29","Sabaneta","Xterlin","LUIS A. SERNA","Trampa interna","1","Cumple","NINUGNA","sin_novedad","No","","",""
"2026-07-29","Sabaneta","Xterlin","LUIS A. SERNA","Trampa interna","3","Cumple","NINGUNO","sin_novedad","No","","",""
"2026-07-29","Sabaneta","Xterlin","LUIS A. SERNA","Trampa interna","2","Cumple","N/A","sin_novedad","No","","",""
"2026-07-29","Sabaneta","Xterlin","LUIS A. SERNA","Trampa interna","4","Cumple","NA","sin_novedad","No","","",""
"2026-07-29","Sabaneta","Xterlin","LUIS A. SERNA","Trampa interna","5","Cumple","NA","sin_novedad","No","","",""
"2026-07-29","Sabaneta","Xterlin","LUIS A. SERNA","Trampa interna","6","Cumple","NA","sin_novedad","No","","",""
"2026-07-29","Sabaneta","Xterlin","LUIS A. SERNA","Trampa interna","7","Cumple","NA","sin_novedad","No","","",""
"2026-07-29","Sabaneta","Xterlin","LUIS A. SERNA","Trampa interna","8","Cumple","NA","sin_novedad","No","","",""
"2026-07-29","Sabaneta","Xterlin","LUIS A. SERNA","Trampa interna","9","Cumple","NA","sin_novedad","No","","",""
"2026-07-29","Sabaneta","Xterlin","LUIS A. SERNA","Trampa interna","10","Cumple","NA","sin_novedad","No","","",""
"2026-07-29","Sabaneta","Xterlin","LUIS A. SERNA","Trampa interna","11","Cumple","NA","sin_novedad","No","","",""
"2026-07-29","Sabaneta","Xterlin","LUIS A. SERNA","Trampa interna","12","Cumple","NA","sin_novedad","No","","",""
"2026-07-29","Sabaneta","Xterlin","LUIS A. SERNA","Trampa interna","13","Cumple","NA","sin_novedad","No","","",""
"2026-07-29","Sabaneta","Xterlin","LUIS A. SERNA","Trampa interna","14","Cumple","NA","sin_novedad","No","","",""
"2026-07-29","Sabaneta","Xterlin","LUIS A. SERNA","Trampa interna","15","Cumple","NA","sin_novedad","No","","",""
"2026-07-29","Sabaneta","Xterlin","LUIS A. SERNA","Trampa interna","16","Cumple","TRAMPA OBSTRUIDA ,REVISAR SI ES NECESARIO TRASLADARLA","pendiente","Sí","","",""
"2026-07-29","Sabaneta","Xterlin","LUIS A. SERNA","Trampa interna","17","Cumple","NA","sin_novedad","No","","",""
"2026-07-29","Sabaneta","Xterlin","LUIS A. SERNA","Trampa interna","18","Cumple","NA","sin_novedad","No","","",""
"2026-07-29","Sabaneta","Xterlin","LUIS A. SERNA","Trampa interna","19","Cumple","NA","sin_novedad","No","","",""
"2026-07-29","Sabaneta","Xterlin","LUIS A. SERNA","Trampa interna","20","Cumple","TRAMPA OBSTRUIDA, REVISAR SI ES NECESARIO TRASLADARLA","pendiente","Sí","","",""
"2026-07-29","Sabaneta","Xterlin","LUIS A. SERNA","Trampa interna","21","Cumple","NO SE ENCUENTRA ROTULADA","pendiente","Sí","","",""
"2026-07-29","Sabaneta","Xterlin","LUIS A. SERNA","Trampa interna","22","Cumple","NA","sin_novedad","No","","",""
"2026-07-29","Sabaneta","Xterlin","LUIS A. SERNA","Trampa interna","23","Cumple","NA","sin_novedad","No","","",""
"2026-07-29","Sabaneta","Xterlin","LUIS A. SERNA","Trampa interna","24","Cumple","NA","sin_novedad","No","","",""
"2026-07-29","Sabaneta","Xterlin","LUIS A. SERNA","Trampa interna","25","Cumple","NA","sin_novedad","No","","",""
"2026-07-29","Sabaneta","Xterlin","LUIS A. SERNA","Trampa interna","26","Cumple","NA","sin_novedad","No","","",""
"2026-07-29","Sabaneta","Xterlin","LUIS A. SERNA","Trampa interna","27","Cumple","NA","sin_novedad","No","","",""
"2026-07-29","Sabaneta","Xterlin","LUIS A. SERNA","Trampa interna","28","Cumple","NA","sin_novedad","No","","",""
"2026-07-29","Sabaneta","Xterlin","LUIS A. SERNA","Trampa interna","29","Cumple","NO SE ENCUENTRA ROTULADA","pendiente","Sí","","",""
"2026-07-29","Sabaneta","Xterlin","LUIS A. SERNA","Trampa interna","30","Cumple","NA","sin_novedad","No","","",""
"2026-07-29","Sabaneta","Xterlin","LUIS A. SERNA","Trampa interna","31","Cumple","NA","sin_novedad","No","","",""
"2026-07-29","Sabaneta","Xterlin","LUIS A. SERNA","Trampa interna","32","Cumple","TRAMPA OBSTRUIDA, POR FAVOR REVISAR SI DEBEMOS TRASLADARLA","pendiente","Sí","","",""
"2026-07-29","Sabaneta","Xterlin","LUIS A. SERNA","Trampa interna","33","Cumple","TRAMPA OBSTRUIDA POR FAVOR REVISAR SI DEBEMOS TRASLADARLA","pendiente","Sí","","",""
"2026-07-29","Sabaneta","Xterlin","LUIS A. SERNA","Trampa interna","34","Cumple","NA","sin_novedad","No","","",""
"2026-07-29","Sabaneta","Xterlin","LUIS A. SERNA","Trampa interna","35","Cumple","NA","sin_novedad","No","","",""
"2026-07-29","Sabaneta","Xterlin","LUIS A. SERNA","Trampa interna","34","Cumple","NA","sin_novedad","No","","",""
"2026-07-29","Sabaneta","Xterlin","LUIS A. SERNA","Trampa interna","38","Cumple","NA","sin_novedad","No","","",""
"2026-07-29","Sabaneta","Xterlin","LUIS A. SERNA","Trampa interna","37","Cumple","NA","sin_novedad","No","","",""
"2026-07-29","Sabaneta","Xterlin","LUIS A. SERNA","Trampa interna","39","Cumple","NA","sin_novedad","No","","",""
"2026-07-29","Sabaneta","Xterlin","LUIS A. SERNA","Trampa interna","40","Cumple","TRAMPA OBSTACULIZADA , REVISAR SI SE DEBE TRASLADAR","pendiente","Sí","","",""
"2026-07-29","Sabaneta","Xterlin","LUIS A. SERNA","Trampa interna","41","Cumple","NA","sin_novedad","No","","",""
"2026-07-29","Sabaneta","Xterlin","LUIS A. SERNA","Trampa interna","42","Cumple","NA","sin_novedad","No","","",""
"2026-07-29","Sabaneta","Xterlin","LUIS A. SERNA","Trampa interna","43","Cumple","NA","sin_novedad","No","","",""
"2026-07-29","Sabaneta","Xterlin","LUIS A. SERNA","Trampa interna","44","Cumple","NA","sin_novedad","No","","",""
"2026-07-29","Sabaneta","Xterlin","LUIS A. SERNA","Trampa interna","45","Cumple","NA","sin_novedad","No","","",""
"2026-07-29","Sabaneta","Xterlin","LUIS A. SERNA","Trampa interna","46","Cumple","NA","sin_novedad","No","","",""
"2026-07-29","Sabaneta","Xterlin","LUIS A. SERNA","Trampa interna","47","Cumple","NA","sin_novedad","No","","",""
"2026-07-29","Sabaneta","Xterlin","LUIS A. SERNA","Trampa interna","48","Cumple","TRAMPA OBSTRUIDA POR FAVOR REVISAR SI ES NECESARIO TRASLADARLA","pendiente","Sí","","",""
"2026-07-29","Sabaneta","Xterlin","LUIS A. SERNA","Trampa interna","49","Cumple","TRAMPA OBSTRUIDA POR FAVOR REVISAR SI ES NECESARIO TRASLADARLA","pendiente","Sí","","",""
"2026-07-29","Sabaneta","Xterlin","LUIS A. SERNA","Trampa interna","50","Cumple","NA","sin_novedad","No","","",""
"2026-07-29","Sabaneta","Xterlin","LUIS A. SERNA","Trampa interna","51","Cumple","NA","sin_novedad","No","","",""
"2026-07-29","Sabaneta","Xterlin","LUIS A. SERNA","Trampa interna","52","Cumple","NA","sin_novedad","No","","",""
"2026-07-29","Sabaneta","Xterlin","LUIS A. SERNA","Trampa interna","52","Cumple","NA","sin_novedad","No","","",""
"2026-07-29","Sabaneta","Xterlin","LUIS A. SERNA","Trampa interna","54","Cumple","NA","sin_novedad","No","","",""
"2026-07-29","Sabaneta","Xterlin","LUIS A. SERNA","Trampa interna","55","Cumple","NA","sin_novedad","No","","",""
"2026-07-29","Sabaneta","Xterlin","LUIS A. SERNA","Trampa interna","56","Cumple","NA","sin_novedad","No","","",""
"2026-07-29","Sabaneta","Xterlin","LUIS A. SERNA","Trampa interna","57","Cumple","NO SE ENCUENTRA ROTULADA","pendiente","Sí","","",""
"2026-07-29","Sabaneta","Xterlin","LUIS A. SERNA","Trampa interna","58","Cumple","NA","sin_novedad","No","","",""
"2026-07-29","Sabaneta","Xterlin","LUIS A. SERNA","Trampa interna","59","No cumple","SE DEBE INSTALAR UNA TRAMPA DEBIDO A QUE NO ESTA LA TRAMPA QUE VA AHI","pendiente","Sí","","",""
